date,source,views,unique_views
2026-09-20,github.com,7,1
2026-09-20,substack.com,2,2
2026-09-21,github.com,7,1
2026-09-21,substack.com,2,2
2026-09-22,github.com,7,1
2026-09-22,substack.com,2,2
2026-09-23,github.com,7,1
2026-09-23,substack.com,2,2
2026-09-24,github.com,7,1
2026-09-24,substack.com,2,2
2026-09-25,github.com,7,1
2026-09-25,substack.com,2,2
2026-09-26,github.com,7,1
2026-09-26,substack.com,2,2
2026-09-27,github.com,7,1
2026-09-27,substack.com,2,2
2026-09-28,github.com,7,1
2026-09-28,substack.com,2,2
2026-09-29,github.com,7,1
2026-09-29,substack.com,2,2
2026-09-30,github.com,1,1
2026-10-01,github.com,1,1
2026-10-02,github.com,1,1
2026-10-03,github.com,1,1
2026-10-04,github.com,1,1
2026-10-05,github.com,1,1
2026-10-06,github.com,1,1
2026-10-07,github.com,1,1
